wage,hours,IQ,KWW,educ,exper,tenure,age,married,black,south,urban,sibs,brthord,meduc,feduc,lwage,hwage
769,40,93,35,12,11,2,31,1,0,0,1,1,2,8,8,6.645091,4.272222
808,50,119,41,18,11,16,37,1,0,0,1,1,,14,14,6.694562,3.591111
825,40,108,46,14,11,9,33,1,0,0,1,1,2,14,14,6.715384,4.583333
650,40,96,32,12,13,7,32,1,0,0,1,4,3,12,12,6.476973,3.611111
562,40,74,27,11,14,5,34,1,0,0,1,10,6,6,11,6.331502,3.122222
1400,40,116,43,16,14,2,35,1,1,0,1,1,2,8,,7.244227,7.777778
600,40,91,24,10,13,0,30,0,0,0,1,1,2,8,8,6.39693,3.333333
1081,40,114,50,18,8,14,38,1,0,0,1,2,3,8,,6.985642,6.005556
1154,45,111,37,15,13,1,36,1,0,0,0,2,3,14,5,7.05099,5.698765
1000,40,95,44,12,16,16,36,1,0,0,1,1,1,12,11,6.907755,5.555555
930,43,132,44,18,8,13,38,1,0,0,0,1,1,13,14,6.835185,4.806201
921,38,102,45,14,9,11,33,1,0,0,0,1,2,16,,6.82546,5.385965
900,45,125,40,15,4,3,30,0,0,0,0,2,,12,12,6.802395,4.444445
1318,38,119,24,16,7,2,28,1,0,0,1,3,1,10,10,7.183871,7.707603
1792,40,118,47,16,9,9,34,1,0,0,1,1,1,12,12,7.491087,9.955556
958,50,105,37,10,17,2,35,1,0,0,1,1,2,6,8,6.864848,4.257778
1360,45,109,39,15,6,9,36,1,0,0,1,3,3,12,10,7.21524,6.716049
850,40,72,36,11,19,10,38,1,0,0,1,2,3,10,8,6.745236,4.722222
830,44,105,29,14,4,7,29,1,0,0,1,3,1,12,,6.721426,4.191919
471,44,101,34,12,13,7,31,1,0,0,1,3,2,8,,6.154858,2.378788
1275,40,123,37,14,9,1,31,1,0,0,1,0,1,12,,7.150702,7.083333
1615,50,113,49,16,10,4,36,1,0,0,1,2,1,12,12,7.38709,7.177778
873,65,95,36,12,14,3,38,1,0,0,1,5,1,10,10,6.771935,2.984615
2137,45,145,50,16,17,8,38,1,0,0,1,2,1,12,12,7.667158,10.55309
1053,38,114,35,16,12,7,32,1,0,0,1,0,1,11,11,6.959399,6.157895
1602,60,124,32,16,8,9,29,1,0,0,1,3,1,16,16,7.379008,5.933333
1188,40,93,40,13,16,5,35,1,0,0,1,2,1,12,8,7.080027,6.6
800,40,115,39,18,11,1,35,1,0,1,1,0,1,8,8,6.684612,4.444445
1417,48,125,41,17,9,4,34,1,0,0,1,3,1,13,12,7.256297,6.560185
635,40,128,35,18,8,13,36,0,0,0,1,2,1,16,16,6.453625,3.527778
1000,40,103,40,12,17,2,34,1,0,0,1,1,1,8,,6.907755,5.555555
1424,50,98,41,14,15,4,35,1,0,0,1,1,1,12,12,7.261225,6.328889
2668,75,108,41,13,12,2,32,1,0,1,1,1,2,12,12,7.889084,7.905185
666,75,129,40,18,8,12,38,1,0,0,0,2,1,18,18,6.50129,1.973333
1779,40,132,42,17,8,9,32,1,0,0,1,1,1,17,14,7.483807,9.883333
782,40,92,24,13,9,10,31,1,0,0,1,3,3,8,,6.661855,4.344444
1572,35,108,39,14,7,5,28,1,1,0,1,1,,12,8,7.360104,9.980952
1274,40,106,35,13,11,12,31,1,0,0,1,0,1,15,12,7.149917,7.077778
714,35,105,37,16,9,2,29,1,0,0,1,1,2,13,12,6.570883,4.533333
1081,40,123,46,18,11,7,36,1,0,0,0,1,1,12,12,6.985642,6.005556
692,40,108,48,12,21,11,38,1,0,0,1,3,1,8,7,6.539586,3.844445
1318,38,122,47,17,10,9,33,1,0,0,1,1,,12,8,7.183871,7.707603
1239,45,109,44,12,16,4,38,1,0,0,1,3,3,12,,7.12206,6.118518
1027,27,100,40,13,12,15,38,1,0,0,1,3,3,10,9,6.934397,8.452675
1748,55,125,50,18,12,12,34,1,0,0,1,1,2,14,15,7.466228,7.062626
981,40,122,41,14,9,15,35,0,0,0,1,3,2,12,,6.888573,5.45
770,40,105,34,17,7,11,30,1,0,0,1,3,1,12,12,6.64639,4.277778
1154,50,94,37,16,11,5,33,1,0,0,1,1,,12,12,7.05099,5.128889
1155,40,102,36,12,16,5,34,1,0,0,1,1,2,12,,7.051856,6.416667
808,60,109,47,13,14,12,38,1,0,0,1,2,2,12,10,6.694562,2.992593
1100,40,105,45,12,22,14,38,1,0,0,1,1,1,12,12,7.003066,6.111111
1154,40,134,46,18,10,10,37,1,0,1,1,2,1,12,12,7.05099,6.411111
1749,40,108,32,12,13,9,29,0,0,0,1,7,1,12,9,7.466799,9.716666
1000,50,104,36,16,11,8,30,1,0,0,1,1,1,12,11,6.907755,4.444445
462,40,112,35,12,11,1,29,1,0,0,1,8,3,12,,6.135565,2.566667
769,55,120,49,18,8,12,32,0,0,0,1,1,1,11,8,6.645091,3.107071
875,50,124,40,16,9,3,31,0,0,0,0,2,2,17,16,6.774224,3.888889
1375,40,103,34,12,12,7,29,1,0,0,1,4,2,12,10,7.226209,7.638889
1452,45,115,45,17,1,7,30,1,0,0,1,3,1,12,14,7.280697,7.170371
800,40,96,33,12,17,12,35,1,0,0,1,1,2,6,8,6.684612,4.444445
1748,55,123,48,17,10,7,36,1,0,0,1,1,1,12,12,7.466228,7.062626
1151,40,98,34,12,12,12,29,1,0,0,1,3,4,12,8,7.048387,6.394444
840,50,96,34,12,18,13,35,1,0,0,1,2,1,12,8,6.733402,3.733333
978,45,89,47,12,17,2,38,1,0,0,1,0,1,12,,6.885509,4.829629
963,40,109,43,12,15,15,37,0,0,0,0,5,,,7,6.870053,5.35
619,42,93,20,12,10,10,28,0,0,0,1,8,,9,11,6.428105,3.275132
442,60,82,32,12,12,0,33,1,0,0,1,2,3,12,9,6.09131,1.637037
600,40,120,45,15,12,1,38,1,0,0,0,3,4,12,,6.39693,3.333333
1366,38,122,38,12,15,15,32,1,0,0,1,1,2,12,,7.219642,7.988304
1643,48,117,48,18,8,2,33,1,0,0,1,2,2,12,18,7.404279,7.606482
1455,40,109,44,16,8,13,36,1,0,0,1,1,2,8,8,7.282761,8.083333
2310,40,114,55,18,12,7,38,1,0,0,1,2,,12,16,7.745003,12.83333
1682,45,126,40,16,10,11,31,1,0,0,1,1,1,12,16,7.427739,8.306172
1235,40,82,45,12,10,2,33,1,0,0,1,1,1,11,11,7.118826,6.861111
855,45,119,45,16,11,4,32,1,0,0,1,3,1,12,9,6.751101,4.222222
1072,42,104,37,16,6,8,35,1,0,0,1,2,2,12,6,6.977282,5.671957
1040,40,115,49,15,8,15,35,1,0,0,1,3,4,,11,6.946976,5.777778
1000,50,97,45,12,17,15,36,1,0,0,1,1,2,12,12,6.907755,4.444445
675,40,105,27,15,8,2,31,1,0,0,0,3,,14,12,6.514713,3.75
1100,37,100,32,12,14,1,30,1,0,0,1,1,2,7,7,7.003066,6.606606
996,50,114,41,12,5,14,31,1,0,0,1,2,1,12,10,6.903747,4.426667
732,40,73,28,10,17,5,36,1,0,0,1,5,6,,,6.59578,4.066667
1200,40,96,48,11,15,3,37,1,0,0,1,4,3,8,8,7.090077,6.666667
1694,30,113,30,15,9,8,29,0,0,0,1,3,1,12,16,7.434848,12.54815
686,55,106,38,10,15,3,36,1,0,1,1,4,5,14,10,6.530878,2.771717
754,40,104,37,13,9,5,32,1,0,0,1,1,2,8,,6.625392,4.188889
857,35,80,39,10,14,15,33,1,0,0,1,2,1,,12,6.753438,5.44127
832,50,104,30,13,4,2,30,1,0,0,1,1,2,12,8,6.723833,3.697778
579,44,122,36,13,8,1,30,1,0,0,0,4,1,16,16,6.361302,2.924242
672,61,96,38,12,13,3,34,1,0,0,1,2,,12,13,6.510258,2.448087
2500,40,95,51,15,12,9,36,1,0,0,1,3,1,16,16,7.824046,13.88889
1076,45,105,24,12,5,8,31,0,0,0,1,1,1,16,17,6.981006,5.31358
750,40,94,18,12,16,3,37,1,1,0,1,7,3,8,8,6.620073,4.166667
1186,30,91,41,17,8,9,33,1,0,0,1,1,1,12,14,7.078341,8.785185
833,48,96,37,16,9,7,31,1,0,0,1,4,4,12,14,6.725034,3.856482
650,40,69,37,12,14,11,30,1,1,0,1,3,4,10,9,6.476973,3.611111
1250,46,110,37,12,5,16,38,1,0,0,0,1,1,,12,7.130899,6.038647
1122,48,111,44,15,12,9,31,1,0,0,1,3,1,9,12,7.022868,5.194445
865,40,110,35,16,1,11,31,1,0,0,1,3,1,9,12,6.76273,4.805555
808,40,97,37,16,10,7,29,1,0,0,1,3,3,9,12,6.694562,4.488889
1299,60,125,44,18,6,12,35,0,0,0,1,1,2,8,8,7.16935,4.811111
903,40,91,39,12,6,12,36,1,0,0,1,5,4,9,10,6.805723,5.016667
900,40,86,28,12,17,15,37,1,0,0,1,5,3,8,10,6.802395,5
625,40,110,32,12,18,0,35,1,0,0,1,4,1,9,8,6.437752,3.472222
1586,40,92,47,14,16,1,36,1,0,1,1,4,4,12,,7.36897,8.811111
962,40,85,41,10,15,16,38,1,0,0,1,1,2,9,12,6.869014,5.344444
1539,45,120,36,17,7,8,34,1,0,0,1,1,1,8,8,7.338888,7.6
1110,52,106,42,12,11,6,33,1,0,0,0,5,2,12,12,7.012115,4.74359
1282,45,112,41,16,6,6,31,0,0,1,1,2,2,12,12,7.156177,6.330864
770,48,91,39,12,13,2,38,1,0,0,1,1,2,10,8,6.64639,3.564815
1000,45,90,42,12,16,0,38,1,0,0,1,6,3,10,12,6.907755,4.938272
895,40,86,39,9,17,16,38,1,1,0,0,2,,,12,6.796824,4.972222
1205,40,86,32,10,13,0,32,1,1,0,1,5,5,8,,7.094235,6.694445
750,40,113,27,12,11,10,29,1,0,0,0,1,,12,12,6.620073,4.166667
654,50,111,51,13,5,16,38,1,0,0,1,3,3,12,9,6.483108,2.906667
601,48,111,30,12,15,3,33,1,0,0,1,0,1,12,12,6.398595,2.782408
600,40,106,32,13,10,11,28,1,0,0,1,6,,8,7,6.39693,3.333333
433,40,98,28,12,11,10,30,0,0,0,1,1,1,12,11,6.070738,2.405555
1188,40,105,28,12,11,7,30,1,0,0,1,3,1,12,10,7.080027,6.6
635,40,105,29,12,15,15,33,1,0,0,0,2,2,10,,6.453625,3.527778
1225,40,118,44,13,9,14,32,1,0,0,1,0,1,12,9,7.110696,6.805555
1151,45,90,38,12,19,19,36,1,0,0,1,1,1,12,8,7.048387,5.68395
865,40,95,34,12,15,11,32,0,0,0,1,3,1,9,8,6.76273,4.805555
1031,40,112,24,14,9,5,29,1,0,0,1,4,2,12,12,6.938284,5.727778
1049,55,120,39,12,9,11,32,1,0,0,1,3,2,12,10,6.955593,4.238384
1000,45,123,41,12,12,1,29,1,0,0,1,3,3,12,10,6.907755,4.938272
1105,40,103,32,13,10,11,30,1,0,0,1,1,1,16,15,7.007601,6.138889
1924,50,121,40,18,11,7,35,1,0,0,1,3,1,16,18,7.562161,8.551111
1346,40,90,44,16,9,16,38,1,0,0,1,1,1,12,12,7.204893,7.477778
809,65,125,32,12,11,10,29,1,0,0,1,0,1,12,12,6.695799,2.765812
1495,45,109,34,18,10,3,32,1,0,0,1,3,1,9,8,7.309882,7.382716
1346,50,128,46,16,10,1,33,0,0,0,0,3,1,10,9,7.204893,5.982222
1200,40,97,35,12,10,4,31,1,0,0,1,3,1,12,12,7.090077,6.666667
500,40,96,35,12,6,0,33,1,0,1,1,4,4,12,12,6.214608,2.777778
1325,45,97,44,12,12,5,28,1,0,0,1,1,2,12,8,7.189168,6.54321
900,40,78,21,12,16,5,33,1,1,0,1,4,1,7,6,6.802395,5
800,40,112,39,12,15,3,34,1,0,0,1,6,4,7,,6.684612,4.444445
800,40,88,32,12,16,7,38,1,0,0,1,3,2,2,5,6.684612,4.444445
1034,40,97,39,12,15,16,36,1,0,0,1,14,10,14,11,6.94119,5.744444
980,40,101,41,12,4,12,36,1,0,0,1,1,,6,9,6.887553,5.444445
884,40,106,42,10,19,12,34,1,0,0,1,2,1,7,10,6.784457,4.911111
480,40,59,28,10,11,5,34,0,0,0,1,0,1,8,6,6.173786,2.666667
923,40,105,54,18,7,14,34,1,0,0,1,1,1,12,12,6.827629,5.127778
513,45,119,30,17,8,5,31,0,0,0,1,1,1,12,8,6.240276,2.533333
1105,40,93,36,11,17,16,37,0,0,0,1,2,2,8,8,7.007601,6.138889
1193,50,82,38,12,19,10,36,1,0,1,1,0,1,12,,7.084227,5.302222
2771,50,134,45,18,6,7,34,1,0,0,1,4,3,16,16,7.926963,12.31556
779,40,84,29,12,9,6,30,1,0,0,1,0,1,8,12,6.658011,4.327778
950,60,98,36,11,13,6,31,1,0,0,1,2,1,12,12,6.856462,3.518518
1394,40,118,41,16,11,8,30,1,0,0,0,2,1,13,12,7.239933,7.744444
1495,45,113,50,17,13,9,33,1,0,0,1,3,3,12,8,7.309882,7.382716
650,40,100,18,12,4,3,28,1,0,0,1,6,2,9,11,6.476973,3.611111
670,40,93,27,13,9,5,29,1,0,0,1,2,,12,12,6.507277,3.722222
1126,40,119,30,16,5,8,32,1,0,0,1,1,1,12,10,7.026427,6.255556
450,64,67,19,12,11,1,33,0,1,0,1,6,1,11,4,6.109248,1.5625
1028,40,111,28,12,19,12,37,1,1,1,1,3,4,12,,6.93537,5.711111
2404,50,106,38,15,8,0,32,1,0,0,1,2,1,12,12,7.784889,10.68444
1899,40,127,49,18,9,14,36,0,0,0,1,0,1,10,,7.549083,10.55
757,40,113,35,16,10,9,33,1,0,0,1,2,1,12,12,6.629363,4.205555
1250,40,115,36,14,9,1,29,1,0,0,1,2,2,12,12,7.130899,6.944445
1162,48,102,40,16,8,11,31,1,0,0,1,3,2,12,,7.057898,5.37963
1025,40,85,29,15,9,13,29,1,1,0,1,6,1,14,12,6.932448,5.694445
1100,50,117,51,16,11,12,32,1,0,0,0,0,1,12,10,7.003066,4.888889
714,35,125,34,16,7,5,28,1,0,0,1,4,1,10,10,6.570883,4.533333
1318,35,118,47,16,16,17,37,1,0,0,0,1,1,8,12,7.183871,8.368254
1411,45,121,40,18,14,3,38,1,0,0,1,3,2,12,16,7.252054,6.967901
2162,40,115,51,17,4,4,38,1,0,0,1,1,1,12,12,7.678789,12.01111
1273,55,120,44,14,11,16,36,1,0,0,0,1,1,12,,7.149132,5.143435
1140,48,109,43,12,16,15,35,1,0,0,1,2,2,11,6,7.038784,5.277778
578,40,109,28,13,7,4,30,0,0,0,1,1,,12,11,6.359574,3.211111
942,40,85,36,12,7,10,38,1,0,0,1,4,5,,,6.848005,5.233333
1058,40,85,50,12,17,8,38,1,0,0,0,4,1,12,,6.964136,5.877778
750,40,106,32,14,9,9,29,1,0,0,1,1,2,11,10,6.620073,4.166667
1000,60,101,30,12,11,6,30,1,0,0,1,3,1,10,10,6.907755,3.703704
951,60,116,40,12,9,7,30,1,0,0,1,4,5,12,9,6.857514,3.522222
635,47,91,24,12,13,2,31,1,0,0,1,2,2,7,7,6.453625,3.002364
1250,40,91,28,12,13,1,34,1,0,0,1,3,1,11,5,7.130899,6.944445
675,40,110,34,12,6,15,34,1,0,0,1,2,1,7,,6.514713,3.75
400,40,75,33,12,11,6,32,1,0,0,1,4,,7,12,5.991465,2.222222
577,50,94,17,12,9,8,29,1,0,0,1,2,,12,8,6.357842,2.564445
590,40,109,27,13,10,7,29,1,0,0,0,2,2,12,12,6.380123,3.277778
923,50,122,38,16,10,10,31,1,0,0,0,1,2,8,8,6.827629,4.102222
1250,50,102,26,12,6,2,32,0,0,0,1,4,2,11,8,7.130899,5.555555
1100,40,122,38,14,11,8,33,1,0,0,1,2,3,8,10,7.003066,6.111111
1130,50,105,38,12,18,2,37,1,0,0,1,4,2,10,10,7.029973,5.022222
652,50,113,37,12,14,4,36,0,0,0,1,1,2,9,9,6.480044,2.897778
618,42,104,34,12,6,2,30,1,0,0,1,3,2,8,12,6.426488,3.269841
962,50,124,43,16,7,14,34,1,0,0,1,2,2,9,11,6.869014,4.275556
529,40,110,31,13,14,11,32,1,0,0,0,1,1,12,8,6.270988,2.938889
817,40,95,37,12,16,14,33,1,0,0,0,2,1,12,12,6.705639,4.538889
962,40,120,39,16,8,9,32,1,0,0,0,0,1,18,,6.869014,5.344444
840,40,105,39,12,19,15,38,1,0,0,0,3,1,12,8,6.733402,4.666667
866,40,121,30,16,7,4,28,1,0,0,0,1,,12,12,6.763885,4.811111
2404,50,96,42,14,1,1,36,1,0,0,1,5,5,8,10,7.784889,10.68444
1126,40,110,26,12,16,2,32,1,0,0,1,6,1,9,12,7.026427,6.255556
1160,40,92,32,12,8,8,31,1,0,0,0,4,1,12,11,7.056175,6.444445
723,40,98,34,12,15,5,38,1,0,0,1,1,1,9,,6.583409,4.016667
1778,40,109,43,16,14,13,36,1,0,0,1,0,1,11,12,7.483244,9.877778
1903,48,118,44,18,13,5,36,1,0,0,0,0,1,11,11,7.551187,8.810185
1010,40,97,42,18,7,14,34,1,0,0,1,4,5,14,,6.917706,5.611111
971,40,95,42,17,5,11,37,1,0,0,1,1,2,16,8,6.878326,5.394444
525,40,99,40,12,9,2,34,1,0,0,1,2,1,10,8,6.263398,2.916667
525,40,106,31,12,12,13,30,1,0,0,0,1,1,10,12,6.263398,2.916667
670,45,117,33,12,10,3,30,1,0,0,0,5,2,12,,6.507277,3.308642
500,45,90,47,12,19,4,37,1,0,0,0,0,1,12,6,6.214608,2.469136
1058,45,98,45,14,14,15,34,1,0,0,0,2,3,,,6.964136,5.224691
550,46,95,44,12,18,15,35,1,0,0,1,1,1,12,11,6.309918,2.657005
500,45,115,43,12,14,1,32,1,0,0,1,1,2,12,11,6.214608,2.469136
727,55,106,40,15,10,5,31,0,0,0,1,1,,12,12,6.588926,2.937374
865,40,114,26,12,6,8,30,1,0,0,0,2,3,8,8,6.76273,4.805555
1081,40,92,34,13,8,2,30,1,0,1,1,3,4,12,10,6.985642,6.005556
1304,45,119,36,17,9,9,31,1,0,0,0,1,1,13,12,7.173192,6.439506
575,40,85,32,13,6,1,30,1,0,0,0,1,2,13,12,6.35437,3.194444
623,45,98,34,16,7,1,30,1,0,0,0,3,1,12,12,6.434546,3.076543
515,45,114,30,13,8,10,28,1,0,0,0,3,2,12,12,6.244167,2.54321
1273,55,84,42,18,14,4,37,1,0,0,1,1,1,8,12,7.149132,5.143435
990,40,108,42,13,13,9,33,1,0,0,0,4,1,16,16,6.897705,5.5
600,40,107,32,12,16,6,33,1,0,0,0,5,6,8,4,6.39693,3.333333
1160,40,84,35,12,17,2,38,1,0,0,0,4,2,16,12,7.056175,6.444445
500,55,86,22,12,11,9,29,1,0,0,0,5,5,10,12,6.214608,2.020202
795,45,88,27,12,17,18,35,1,0,0,0,2,2,10,12,6.678342,3.925926
500,50,97,34,11,20,3,37,1,0,0,0,2,1,,,6.214608,2.222222
740,50,84,31,10,23,13,38,1,0,0,0,5,1,,9,6.60665,3.288889
1250,40,117,45,16,10,7,33,1,0,0,1,1,1,12,14,7.130899,6.944445
1014,55,110,42,16,13,9,30,0,0,0,1,1,2,12,14,6.921658,4.09697
1250,32,104,32,13,13,3,33,1,0,0,1,3,3,9,,7.130899,8.680555
913,40,110,26,14,4,13,29,1,0,0,1,3,4,9,,6.816736,5.072222
1346,40,99,33,16,9,8,30,1,0,0,1,2,,11,12,7.204893,7.477778
445,40,80,31,10,19,0,38,1,0,0,0,5,5,,,6.098074,2.472222
265,40,101,43,12,18,2,37,1,0,0,1,1,2,,,5.57973,1.472222
1250,40,117,31,14,7,1,28,1,0,0,1,1,2,12,12,7.130899,6.944445
1607,56,108,41,13,7,9,36,1,0,0,1,2,1,,,7.382124,6.376984
1452,35,69,33,16,12,15,38,1,1,0,1,7,6,10,10,7.280697,9.219048
1391,50,109,38,12,14,8,32,1,1,1,1,1,2,11,9,7.237778,6.182222
821,45,85,39,16,8,2,32,1,0,0,1,5,6,8,8,6.710523,4.054321
794,40,114,36,16,9,7,29,1,0,0,1,1,2,11,9,6.677083,4.411111
500,30,90,46,13,10,1,38,1,0,0,0,4,3,,,6.214608,3.703704
520,50,107,30,18,6,3,29,1,0,0,0,10,1,12,14,6.253829,2.311111
1730,50,117,41,18,12,12,37,1,0,0,1,1,2,12,8,7.455877,7.688889
1924,50,112,47,18,9,10,38,1,0,0,1,6,1,16,18,7.562161,8.551111
1155,60,106,46,18,10,2,37,1,0,0,1,3,3,14,18,7.051856,4.277778
2162,40,116,38,15,9,4,31,1,0,0,1,2,1,12,17,7.678789,12.01111
923,50,123,44,14,8,7,31,1,0,0,1,1,2,8,,6.827629,4.102222
1115,40,118,40,16,12,13,33,1,0,0,1,1,1,8,,7.01661,6.194445
449,36,91,20,12,7,2,30,0,0,0,1,1,,,,6.107023,2.771605
1500,40,103,29,12,10,11,34,1,0,0,1,2,3,12,7,7.313221,8.333333
826,40,114,40,14,20,3,37,1,0,0,1,4,4,8,6,6.716595,4.588889
937,40,102,36,12,16,8,35,1,0,0,1,3,2,12,6,6.842683,5.205555
978,48,104,36,12,19,15,36,1,0,0,1,5,6,6,,6.885509,4.527778
1031,40,112,43,14,14,12,33,0,0,0,1,6,6,14,12,6.938284,5.727778
1272,40,107,39,12,10,1,30,1,0,0,1,4,3,12,12,7.148346,7.066667
1136,50,117,36,14,16,12,34,1,0,1,1,2,3,12,12,7.035269,5.048889
800,45,110,36,12,19,12,36,1,0,0,1,7,8,,,6.684612,3.950617
1339,38,96,42,12,8,9,33,1,0,0,1,0,1,12,11,7.199678,7.83041
1063,40,90,38,12,14,12,32,1,1,0,1,2,2,8,12,6.968851,5.905556
935,44,97,27,12,10,6,29,1,0,0,1,2,2,8,7,6.840547,4.722222
808,40,99,40,12,18,13,38,1,1,0,1,0,1,9,8,6.694562,4.488889
375,40,99,29,10,12,2,30,1,0,1,0,3,2,8,5,5.926926,2.083333
537,40,97,32,12,14,8,31,0,1,0,1,2,1,11,,6.285998,2.983333
1082,55,95,40,12,11,4,29,1,1,0,1,2,2,11,,6.986567,4.371717
930,40,126,44,14,10,1,31,0,0,0,1,3,,8,,6.835185,5.166667
1155,40,109,49,17,13,4,38,1,0,0,0,3,3,12,8,7.051856,6.416667
548,40,86,22,11,7,0,33,1,1,0,1,5,2,11,,6.306275,3.044445
622,45,119,48,16,12,1,33,1,0,0,1,0,1,12,12,6.43294,3.071605
841,40,102,38,16,10,1,29,1,0,0,1,3,1,12,12,6.734591,4.672222
769,55,105,45,18,7,15,38,0,0,0,1,2,3,9,5,6.645091,3.107071
587,38,117,40,17,8,5,29,1,0,0,0,3,3,12,,6.375025,3.432749
1924,45,112,40,16,17,18,38,1,0,0,1,1,1,12,12,7.562161,9.501235
1058,40,89,28,12,7,3,29,1,0,0,1,2,,8,6,6.964136,5.877778
417,48,131,39,12,7,1,28,0,0,0,1,1,2,12,6,6.033086,1.930556
1202,48,114,28,16,6,6,28,1,0,0,1,3,3,16,16,7.091742,5.564815
1154,40,98,35,14,18,2,37,1,0,0,1,1,,10,14,7.05099,6.411111
1070,40,124,41,13,4,9,32,1,0,0,1,0,1,,,6.975414,5.944445
1202,40,125,30,14,10,11,29,1,0,0,1,2,3,12,12,7.091742,6.677778
711,45,100,38,18,13,3,36,1,0,0,1,1,,10,16,6.566672,3.511111
1202,40,84,21,14,6,5,31,1,1,0,1,2,1,11,9,7.091742,6.677778
850,43,113,26,12,7,3,28,1,0,0,1,1,2,8,12,6.745236,4.392765
1000,40,102,46,16,13,11,35,1,0,0,1,6,2,10,12,6.907755,5.555555
490,49,82,33,18,7,8,31,0,0,0,1,2,,12,9,6.194406,2.222222
1000,40,112,47,14,15,4,35,1,0,0,1,4,1,12,10,6.907755,5.555555
865,40,111,38,16,11,4,31,1,0,1,1,4,5,8,5,6.76273,4.805555
1375,40,96,24,13,3,3,30,1,0,0,1,3,1,11,8,7.226209,7.638889
1586,40,127,48,16,16,12,37,1,0,0,1,4,4,16,16,7.36897,8.811111
1602,65,97,47,15,14,14,37,1,0,0,1,1,1,8,,7.379008,5.476923
3078,65,120,50,14,12,13,36,1,0,1,1,1,2,12,,8.032035,10.52308
898,40,101,41,16,7,9,35,0,0,0,1,3,4,16,14,6.80017,4.988889
906,40,120,40,14,16,2,37,1,0,0,1,5,1,12,12,6.809039,5.033333
952,40,99,34,13,10,10,31,1,1,0,1,1,1,8,10,6.858565,5.288889
571,40,78,33,13,10,1,29,0,1,0,1,5,5,8,9,6.347389,3.172222
445,45,110,23,12,15,13,32,0,0,0,1,2,2,5,11,6.098074,2.197531
289,40,94,35,12,9,0,30,1,0,0,1,2,3,5,11,5.666427,1.605556
1444,40,120,50,16,12,15,37,1,0,0,1,1,2,17,13,7.275172,8.022223
962,55,108,45,12,19,21,36,1,0,0,1,3,1,8,8,6.869014,3.886869
1075,40,103,31,12,17,10,33,1,0,0,1,13,3,11,11,6.980076,5.972222
909,55,97,39,11,17,5,35,1,0,0,1,7,3,,,6.812345,3.672727
1250,40,106,36,12,14,19,35,1,0,0,1,4,1,11,13,7.130899,6.944445
620,40,99,22,11,10,5,29,1,1,0,1,11,5,,,6.429719,3.444444
1016,40,72,18,10,14,15,37,1,1,0,1,8,9,11,,6.923629,5.644444
800,40,88,29,10,21,14,37,1,1,0,1,8,1,11,8,6.684612,4.444445
1050,40,119,37,16,7,18,37,0,0,0,1,2,2,12,13,6.956545,5.833333
1079,50,87,33,12,18,9,36,1,0,0,1,5,5,8,,6.98379,4.795556
654,50,121,49,17,12,13,34,1,0,0,1,1,2,11,12,6.483108,2.906667
781,50,112,33,12,8,10,30,1,0,0,1,2,2,12,8,6.660575,3.471111
1038,48,103,36,15,8,2,36,1,0,1,0,2,1,12,15,6.945051,4.805555
1924,50,99,48,16,16,14,37,1,0,0,1,0,1,16,18,7.562161,8.551111
1202,40,101,40,15,15,17,37,1,0,0,1,3,2,12,12,7.091742,6.677778
666,70,117,34,15,8,2,32,1,0,0,1,0,1,,,6.50129,2.114286
905,45,109,41,14,11,14,36,1,0,0,1,3,4,8,8,6.807935,4.469136
890,70,73,46,12,6,8,31,1,0,0,1,3,1,12,12,6.791222,2.825397
817,40,116,27,16,10,7,31,1,0,1,0,1,2,16,16,6.705639,4.538889
812,40,98,42,12,10,2,29,0,0,0,1,3,2,12,12,6.699501,4.511111
577,60,104,43,14,6,2,30,1,0,1,1,2,3,14,12,6.357842,2.137037
756,40,78,29,14,9,2,31,1,0,0,1,2,2,12,12,6.628041,4.2
1011,40,104,43,12,20,7,37,1,0,1,1,0,1,,,6.918695,5.616667
1155,45,85,39,12,14,1,34,1,0,0,1,2,1,12,12,7.051856,5.703704
1025,40,104,25,12,12,7,29,1,0,0,1,3,4,12,10,6.932448,5.694445
1350,40,107,37,12,17,12,35,1,0,0,0,2,3,,,7.20786,7.5
1001,40,109,48,12,20,22,37,1,0,0,1,1,1,8,10,6.908755,5.561111
796,48,119,31,13,16,15,37,1,1,0,1,7,1,11,,6.679599,3.685185
1230,50,96,33,13,11,12,30,1,0,0,1,3,2,10,11,7.114769,5.466667
754,40,93,31,12,13,1,30,1,0,0,1,5,,,,6.625392,4.188889
714,40,90,32,12,17,1,37,1,0,0,0,5,3,12,12,6.570883,3.966667
1000,45,103,29,15,8,3,32,1,0,0,1,3,4,12,,6.907755,4.938272
2067,40,106,41,16,12,13,33,1,0,1,1,2,1,14,12,7.633853,11.48333
912,40,96,32,16,11,5,30,1,0,0,1,2,2,14,12,6.81564,5.066667
600,40,114,39,12,8,5,30,1,0,1,1,6,3,8,8,6.39693,3.333333
951,40,86,33,11,13,1,31,1,0,0,1,3,4,9,,6.857514,5.283333
711,45,110,38,16,8,5,32,1,0,1,1,3,2,13,12,6.566672,3.511111
1151,48,87,41,12,18,9,38,1,0,0,1,2,1,12,12,7.048387,5.328704
1000,40,89,31,12,9,5,28,1,0,0,1,2,3,13,12,6.907755,5.555555
841,44,106,40,12,15,10,31,1,0,0,1,5,6,8,,6.734591,4.247475
400,70,100,43,12,12,3,32,1,0,0,1,3,2,5,8,5.991465,1.269841
1175,45,111,38,12,17,14,34,1,0,0,1,0,1,16,4,7.069024,5.802469
1202,40,100,40,12,18,2,37,1,0,0,1,0,1,12,12,7.091742,6.677778
1442,40,114,38,12,16,17,33,1,0,0,1,2,3,12,10,7.273787,8.011111
538,55,98,45,18,5,1,34,1,0,0,1,2,2,13,,6.287858,2.173737
781,40,89,24,11,13,10,30,1,0,0,1,3,1,9,8,6.660575,4.338889
750,60,74,23,10,13,9,30,1,0,0,1,4,2,11,9,6.620073,2.777778
841,48,110,37,18,13,1,37,0,1,0,1,1,1,12,12,6.734591,3.893518
700,50,130,29,13,14,1,38,1,0,0,1,1,2,11,14,6.55108,3.111111
1346,50,108,51,16,9,4,36,1,0,0,1,1,2,12,10,7.204893,5.982222
800,45,98,31,12,16,12,33,1,0,0,0,3,4,10,8,6.684612,3.950617
1250,40,125,27,16,9,10,30,1,0,0,1,3,1,16,,7.130899,6.944445
1105,40,104,29,16,5,8,29,1,0,0,1,3,1,12,12,7.007601,6.138889
475,52,98,33,14,12,1,30,0,0,0,1,6,1,8,10,6.163315,2.029915
762,58,104,37,15,6,4,33,1,0,0,0,2,1,11,12,6.635947,2.91954
962,40,120,33,12,18,19,36,1,0,0,1,3,,8,8,6.869014,5.344444
721,40,134,38,13,9,9,30,0,0,1,1,3,3,8,8,6.580639,4.005556
800,50,92,28,9,18,13,34,1,0,0,1,0,1,8,8,6.684612,3.555556
658,40,129,34,16,11,9,30,1,0,0,1,2,1,13,16,6.489205,3.655555
1270,40,118,42,14,4,16,36,1,0,0,1,2,1,12,12,7.146772,7.055555
1313,40,107,37,12,11,7,28,1,0,0,0,1,,12,,7.18007,7.294445
824,42,92,37,12,19,15,38,1,0,0,1,1,1,12,11,6.71417,4.359788
1442,40,118,33,16,6,7,29,1,0,0,1,2,1,16,12,7.273787,8.011111
1400,42,108,38,17,7,3,31,1,0,0,1,2,1,12,14,7.244227,7.407407
1038,50,119,42,12,20,5,36,1,0,0,0,3,3,12,8,6.945051,4.613333
668,43,109,29,12,11,12,29,1,0,0,0,2,3,8,7,6.504288,3.452196
1100,40,91,41,12,18,10,36,1,0,0,0,2,3,8,8,7.003066,6.111111
1000,45,118,38,14,9,7,30,1,0,0,1,3,1,12,10,6.907755,4.938272
523,43,119,37,13,9,2,30,1,0,0,0,4,1,14,,6.259582,2.702842
1111,40,103,33,14,13,13,31,1,0,0,0,6,3,14,12,7.013016,6.172222
962,40,120,25,16,6,4,28,1,0,0,0,4,3,12,8,6.869014,5.344444
729,47,122,40,18,6,13,34,1,0,0,1,3,3,8,6,6.591674,3.446809
690,40,119,35,12,9,5,28,1,0,0,1,1,2,8,,6.536692,3.833333
1010,50,104,37,11,15,7,38,1,0,0,0,6,1,9,6,6.917706,4.488889
600,40,96,22,11,7,2,29,1,0,1,1,4,3,8,8,6.39693,3.333333
596,40,83,36,12,16,17,34,1,0,0,0,3,3,8,8,6.390241,3.311111
850,44,115,37,12,11,1,29,1,0,0,1,3,2,,,6.745236,4.292929
670,40,88,27,12,9,2,29,1,0,0,1,7,3,10,8,6.507277,3.722222
793,40,96,43,12,17,18,36,1,0,0,0,4,5,8,8,6.675823,4.405556
1442,40,123,42,17,14,7,38,1,0,1,0,2,3,12,6,7.273787,8.011111
670,50,108,43,12,14,8,34,1,0,1,1,5,1,11,7,6.507277,2.977778
876,45,116,35,16,10,8,29,1,0,0,1,2,1,12,12,6.775366,4.325926
841,40,109,45,18,13,2,36,1,0,0,0,3,4,16,12,6.734591,4.672222
975,40,97,39,13,8,0,31,1,0,0,1,3,1,12,12,6.882438,5.416667
1223,40,107,34,12,7,3,28,1,0,0,0,1,1,12,10,7.109062,6.794445
910,30,95,27,12,16,5,35,1,0,1,1,2,3,12,14,6.813445,6.740741
533,45,109,31,15,8,2,30,1,0,0,1,2,2,15,12,6.278522,2.632099
750,40,104,36,12,15,11,33,1,0,0,0,0,1,12,12,6.620073,4.166667
1206,40,110,37,12,16,4,38,1,0,0,1,1,1,12,12,7.095064,6.7
745,40,94,40,13,17,1,36,0,0,0,0,2,3,13,8,6.613384,4.138889
900,40,103,38,12,15,1,37,1,0,1,0,3,3,8,6,6.802395,5
1170,47,123,45,14,9,14,32,1,0,0,1,3,4,8,12,7.064759,5.531915
540,50,113,33,12,12,3,31,1,0,0,0,5,4,6,12,6.291569,2.4
550,40,110,35,16,15,1,38,1,0,0,0,2,1,,,6.309918,3.055556
615,40,100,31,14,9,4,30,1,0,0,0,3,3,12,12,6.421622,3.416667
909,40,95,39,13,6,2,31,1,0,0,1,2,1,12,12,6.812345,5.05
769,40,100,34,12,18,12,36,1,0,0,0,1,2,8,8,6.645091,4.272222
984,40,108,39,13,17,18,37,1,0,0,1,4,1,15,8,6.891626,5.466667
833,60,101,47,12,15,12,37,1,0,0,1,5,2,12,,6.725034,3.085185
879,70,90,43,12,17,10,35,0,0,0,1,1,2,12,16,6.778785,2.790476
1027,45,115,41,12,16,7,35,1,0,0,1,4,3,8,5,6.934397,5.071605
1000,55,114,41,16,10,1,33,1,0,1,0,0,1,,,6.907755,4.040404
465,43,84,33,13,10,1,29,1,0,0,1,3,3,11,11,6.142037,2.403101
1100,40,92,37,13,21,12,38,1,1,0,1,6,6,12,,7.003066,6.111111
641,45,125,44,14,9,0,37,1,0,0,1,1,1,12,11,6.463029,3.165432
1035,48,107,42,12,21,14,38,1,0,0,1,1,2,11,8,6.942157,4.791667
1212,40,129,33,14,9,3,32,0,0,0,1,6,7,8,9,7.100027,6.733333
950,40,98,40,12,11,6,30,1,0,0,1,3,4,12,12,6.856462,5.277778
938,44,108,41,12,19,20,38,1,0,0,1,0,1,8,,6.84375,4.737374
1250,40,114,37,16,8,8,30,1,0,0,1,5,3,2,8,7.130899,6.944445
586,60,111,37,18,6,10,34,1,0,0,0,3,1,12,11,6.37332,2.17037
693,53,101,29,12,7,6,28,1,0,0,0,1,2,12,12,6.54103,2.90566
562,40,99,25,12,18,12,34,0,0,0,0,1,1,12,12,6.331502,3.122222
375,60,75,24,12,12,5,30,0,0,0,0,4,1,12,8,5.926926,1.388889
673,40,91,29,12,7,11,38,1,0,0,0,0,1,6,,6.511745,3.738889
654,50,113,38,17,1,13,33,1,0,0,0,1,1,12,10,6.483108,2.906667
692,50,120,34,12,17,7,35,1,0,0,0,3,4,8,,6.539586,3.075556
1111,40,98,32,14,10,1,29,1,0,0,1,3,1,12,15,7.013016,6.172222
1368,45,107,31,16,11,1,33,1,0,1,1,2,2,16,16,7.221105,6.755556
1282,45,121,39,18,7,13,32,1,0,0,1,2,2,12,12,7.156177,6.330864
1250,60,115,40,11,19,4,38,1,0,0,1,1,2,,,7.130899,4.62963
1346,40,134,42,15,15,7,35,1,0,0,1,2,1,12,10,7.204893,7.477778
1424,50,96,47,17,15,12,37,1,0,0,1,2,3,,,7.261225,6.328889
854,48,120,38,16,8,5,29,0,0,0,1,2,3,12,16,6.749931,3.953704
888,50,105,36,15,9,5,32,0,0,0,1,2,2,12,10,6.788972,3.946667
1161,50,121,40,12,5,10,34,1,0,0,1,5,6,10,,7.057037,5.16
583,58,113,29,16,9,0,30,1,0,0,1,2,2,12,9,6.368187,2.233716
1260,45,106,37,12,5,3,29,1,0,0,1,2,1,12,13,7.138867,6.222222
947,48,104,41,18,8,13,35,1,0,0,0,3,2,9,12,6.853299,4.384259
1850,40,80,23,11,14,15,33,1,0,0,1,3,,10,10,7.522941,10.27778
1575,40,117,28,12,13,2,30,1,0,0,1,3,3,10,10,7.36201,8.75
758,38,126,42,16,10,8,28,0,0,0,1,2,2,12,12,6.630683,4.432748
1442,40,112,42,12,19,15,36,1,0,0,1,3,2,10,8,7.273787,8.011111
489,55,104,47,13,20,4,38,1,0,1,1,2,2,,,6.192362,1.975758
1126,40,116,33,12,5,0,31,1,1,0,1,9,5,9,10,7.026427,6.255556
1000,40,70,18,12,12,5,32,0,1,0,1,6,,8,8,6.907755,5.555555
500,70,83,20,12,13,11,32,1,0,0,1,5,1,6,6,6.214608,1.587302
1200,50,84,13,12,13,9,32,1,0,0,1,5,2,6,6,7.090077,5.333333
565,45,82,30,10,15,3,33,1,0,0,0,4,4,,,6.336826,2.790123
1920,40,109,32,12,13,2,31,1,0,0,0,0,1,12,8,7.560081,10.66667
684,45,111,25,14,7,7,29,1,0,0,1,4,1,12,12,6.527958,3.377778
774,40,94,33,12,20,4,37,1,0,0,0,1,1,12,7,6.651572,4.3
233,60,96,32,16,7,4,30,1,0,0,0,3,,12,8,5.451038,0.862963
975,40,101,33,13,12,10,30,1,0,0,0,3,3,12,13,6.882438,5.416667
1366,40,90,35,12,13,1,30,1,0,0,1,3,3,12,12,7.219642,7.588889
2137,40,120,48,16,16,3,37,1,0,1,1,3,3,12,12,7.667158,11.87222
700,40,120,38,16,10,1,29,1,0,1,1,1,1,12,12,6.55108,3.888889
1200,40,108,29,12,16,11,33,1,0,0,1,3,2,8,,7.090077,6.666667
1161,40,99,43,13,16,18,36,1,0,0,1,0,1,12,8,7.057037,6.45
729,60,80,31,11,16,15,34,1,0,0,1,6,1,12,6,6.591674,2.7
750,45,93,45,11,17,2,36,1,0,0,1,1,2,10,5,6.620073,3.703704
1026,45,85,46,12,4,16,38,1,0,0,1,1,2,,,6.933423,5.066667
1111,45,118,43,15,11,3,32,1,0,0,1,3,1,11,10,7.013016,5.48642
625,50,115,31,12,12,8,31,1,0,0,1,2,3,12,,6.437752,2.777778
1200,42,119,28,16,11,5,30,1,0,0,1,5,1,10,11,7.090077,6.349206
1541,40,94,39,12,8,1,32,1,0,0,1,8,3,12,11,7.340187,8.561111
1154,40,109,42,16,12,9,34,1,0,0,1,0,1,13,16,7.05099,6.411111
310,40,104,37,13,10,0,33,0,0,0,0,2,1,14,8,5.736572,1.722222
610,50,89,21,12,14,4,30,1,0,0,0,1,2,7,6,6.413459,2.711111
1749,43,101,28,12,16,17,36,1,0,0,0,2,2,12,8,7.466799,9.038759
1000,40,96,34,16,9,1,31,0,0,1,1,4,2,12,7,6.907755,5.555555
350,40,109,48,12,14,1,36,1,0,0,0,1,1,9,7,5.857933,1.944444
765,45,94,38,12,17,18,37,1,0,0,0,10,6,4,6,6.639876,3.777778
790,40,115,34,12,15,2,34,1,0,0,0,6,5,6,5,6.672033,4.388889
818,47,92,41,12,16,17,38,1,0,0,0,12,1,8,4,6.706862,3.867612
477,60,71,32,9,12,1,30,1,0,0,0,4,2,11,5,6.167517,1.766667
938,50,130,39,14,15,1,33,1,0,0,0,3,1,12,11,6.84375,4.168889
2099,55,119,38,16,10,4,32,1,0,0,1,0,1,12,12,7.649216,8.480808
350,40,74,24,12,14,3,32,1,0,0,1,4,2,10,13,5.857933,1.944444
940,48,104,25,12,13,0,32,1,1,0,1,7,2,12,8,6.84588,4.351852
1202,40,124,23,15,11,8,28,1,0,0,1,2,2,10,,7.091742,6.677778
450,40,94,29,15,9,4,31,1,0,0,0,1,1,12,,6.109248,2.5
1058,40,120,44,16,16,13,37,1,0,0,0,5,4,12,4,6.964136,5.877778
1000,40,96,40,11,15,15,37,1,0,0,1,5,5,8,9,6.907755,5.555555
318,40,67,35,12,16,5,36,1,1,1,1,6,,7,5,5.762052,1.766667
556,40,69,26,11,13,9,34,0,1,0,1,3,,8,8,6.320768,3.088889
958,60,98,42,12,11,9,28,1,0,0,1,0,1,12,11,6.864848,3.548148
995,40,92,23,9,22,13,38,1,1,0,1,7,3,7,4,6.902743,5.527778
1600,50,109,44,14,16,5,33,1,0,0,0,2,,9,10,7.377759,7.111111
606,45,100,39,18,6,5,30,0,0,0,0,1,,12,12,6.40688,2.992593
511,45,101,25,12,13,1,30,1,0,0,1,4,2,11,12,6.23637,2.523457
1411,45,111,40,16,11,12,32,1,0,1,1,1,1,12,9,7.252054,6.967901
1346,40,106,38,16,15,11,37,1,0,0,1,1,1,8,14,7.204893,7.477778
1522,46,102,37,12,15,16,37,1,0,0,0,3,2,12,10,7.327781,7.352657
1075,40,115,28,14,9,10,30,1,0,0,0,2,1,12,10,6.980076,5.972222
1200,50,99,37,12,11,11,28,1,0,0,1,5,4,10,8,7.090077,5.333333
1377,37,118,48,16,15,1,36,1,0,0,1,2,2,11,10,7.227663,8.27027
874,55,132,37,13,8,2,33,1,0,0,0,2,1,13,16,6.77308,3.531313
625,40,108,26,13,11,9,30,1,0,0,1,3,,12,16,6.437752,3.472222
1250,32,98,40,12,17,2,33,1,0,0,1,0,1,14,10,7.130899,8.680555
1082,40,111,44,13,20,12,36,1,0,0,1,4,2,8,11,6.986567,6.011111
693,40,79,36,11,18,3,38,1,0,0,0,3,2,8,8,6.54103,3.85
727,55,97,29,12,11,11,31,1,0,0,0,3,1,12,11,6.588926,2.937374
615,50,99,49,15,16,15,38,1,0,0,0,2,3,12,14,6.421622,2.733333
913,40,101,33,16,5,7,31,1,0,0,1,2,3,12,,6.816736,5.072222
884,46,120,45,17,4,10,36,1,0,0,0,2,1,12,18,6.784457,4.270531
698,43,97,33,12,10,4,29,1,0,0,1,2,3,8,8,6.548219,3.607235
800,55,106,34,12,17,18,36,1,0,0,0,3,3,8,12,6.684612,3.232323
812,40,131,44,16,9,3,30,0,0,0,0,1,1,12,12,6.699501,4.511111
1000,40,93,32,11,16,14,34,1,0,0,1,1,,12,8,6.907755,5.555555
549,49,79,23,12,11,3,32,0,0,0,0,4,2,8,8,6.308098,2.489796
1300,35,100,38,12,13,15,31,1,0,0,1,4,2,11,,7.17012,8.253968
923,50,107,30,16,9,8,33,1,0,0,1,6,4,9,8,6.827629,4.102222
1539,40,112,42,12,15,15,32,1,0,0,0,3,1,,10,7.338888,8.55
721,40,105,22,12,11,9,30,1,0,0,0,3,2,12,10,6.580639,4.005556
815,40,114,25,12,15,14,31,1,0,0,0,2,1,12,10,6.703188,4.527778
600,80,116,36,12,20,2,38,1,0,0,0,10,10,8,,6.39693,1.666667
1100,40,104,41,12,18,7,37,1,0,0,1,2,3,11,13,7.003066,6.111111
1058,40,85,48,12,18,19,35,1,0,0,1,2,1,9,12,6.964136,5.877778
962,40,93,46,12,15,1,30,1,0,0,1,2,2,9,12,6.869014,5.344444
433,50,100,40,12,5,9,37,1,0,0,0,2,2,8,7,6.070738,1.924444
940,40,71,20,11,9,2,29,1,0,0,0,2,3,,,6.84588,5.222222
1417,38,88,36,16,9,10,32,0,0,0,1,2,1,12,12,7.256297,8.28655
1000,65,93,32,12,11,9,29,1,0,0,1,7,1,12,8,6.907755,3.418803
500,40,98,26,13,14,5,32,1,0,0,0,3,4,12,8,6.214608,2.777778
800,50,110,35,14,8,5,28,1,0,0,1,3,4,12,10,6.684612,3.555556
766,40,109,31,12,17,18,35,1,0,0,0,4,3,,6,6.641182,4.255556
750,43,94,38,14,12,10,33,1,0,0,0,1,1,11,12,6.620073,3.875969
550,40,77,36,12,15,2,37,1,0,0,0,6,3,8,8,6.309918,3.055556
795,52,89,35,11,16,4,34,1,0,0,1,6,1,,,6.678342,3.397436
723,40,102,44,12,12,10,30,1,0,0,1,10,6,12,6,6.583409,4.016667
1039,40,113,49,14,12,8,34,1,0,0,1,1,2,16,14,6.946014,5.772222
200,55,103,38,10,11,15,32,1,0,1,1,3,2,12,5,5.298317,0.8080808
400,40,90,36,10,12,1,32,1,1,0,1,5,3,8,,5.991465,2.222222
575,40,96,31,11,17,1,35,1,0,1,1,2,1,12,7,6.35437,3.194444
850,40,97,35,11,16,5,37,1,0,1,1,1,1,12,6,6.745236,4.722222
508,50,87,35,12,16,1,32,1,1,1,1,2,1,10,,6.230482,2.257778
1162,45,89,39,12,11,4,37,1,0,1,1,3,3,15,,7.057898,5.738272
1199,43,70,28,13,13,5,30,1,1,1,1,3,1,8,,7.089243,6.196383
1270,40,104,34,16,8,4,31,1,0,1,1,3,4,16,17,7.146772,7.055555
350,45,116,36,16,5,3,33,1,0,1,1,2,2,11,12,5.857933,1.728395
963,40,85,32,14,9,9,28,1,1,1,1,5,1,7,,6.870053,5.35
1463,45,104,47,15,14,11,37,1,0,1,1,3,4,12,12,7.288244,7.224691
802,40,99,26,12,13,12,29,1,1,1,1,8,6,9,12,6.687109,4.455555
642,45,93,18,12,12,7,30,1,1,1,1,1,2,6,6,6.464588,3.17037
751,40,114,37,13,9,2,28,1,0,1,1,2,2,12,10,6.621406,4.172222
488,40,103,40,17,5,3,31,1,0,1,1,1,,12,16,6.190315,2.711111
1400,40,92,34,12,15,5,36,1,0,1,1,2,1,6,2,7.244227,7.777778
940,45,98,41,18,10,7,31,1,0,1,1,2,2,8,12,6.84588,4.641975
866,40,114,48,13,15,16,37,1,0,1,1,3,1,12,,6.763885,4.811111
675,40,77,42,12,20,4,38,1,1,1,1,5,2,12,6,6.514713,3.75
375,40,89,24,14,9,3,30,1,1,1,1,3,1,13,,5.926926,2.083333
325,40,93,44,14,10,1,33,1,1,1,1,1,,16,,5.783825,1.805556
346,40,110,37,12,16,17,38,1,0,1,1,2,,12,5,5.846439,1.922222
1442,40,132,39,17,8,1,33,1,0,1,1,3,1,8,12,7.273787,8.011111
560,49,112,37,16,13,2,32,1,0,1,0,3,1,8,2,6.327937,2.539683
550,56,99,42,12,17,11,36,1,0,1,1,1,2,12,12,6.309918,2.18254
950,44,96,26,16,8,10,32,1,1,1,1,1,2,10,,6.856462,4.79798
684,45,106,45,13,16,2,38,1,0,1,1,1,1,12,14,6.527958,3.377778
1322,40,128,43,16,7,1,33,1,0,1,1,0,1,18,,7.186901,7.344444
1634,40,95,48,12,18,3,38,1,0,1,1,3,3,,3,7.398786,9.077778
417,40,80,30,12,8,0,30,0,0,1,1,3,4,8,7,6.033086,2.316667
472,45,71,24,11,9,0,32,1,0,1,1,13,6,6,6,6.156979,2.330864
666,50,89,28,12,16,1,34,1,1,1,1,6,1,9,,6.50129,2.96
1679,55,127,45,18,10,3,32,1,0,1,1,1,2,12,16,7.425954,6.783838
1039,40,114,43,16,1,9,31,0,0,1,1,6,5,8,8,6.946014,5.772222
1250,40,102,30,13,13,11,30,1,0,1,1,5,6,7,,7.130899,6.944445
760,40,88,34,12,12,15,31,1,0,1,1,2,1,12,7,6.633318,4.222222
1154,42,88,32,12,14,12,29,1,0,1,1,2,2,12,7,7.05099,6.10582
1602,60,110,45,15,14,1,37,1,0,0,1,5,1,14,12,7.379008,5.933333
1442,40,110,40,13,13,13,29,1,1,1,1,1,2,7,9,7.273787,8.011111
865,40,130,39,16,5,3,30,1,0,0,1,4,2,8,12,6.76273,4.805555
705,50,100,44,12,15,12,36,1,0,1,1,1,2,,,6.558198,3.133333
1000,40,101,36,12,16,1,35,1,0,1,1,1,1,12,,6.907755,5.555555
852,44,89,36,10,13,9,32,1,0,1,1,6,7,9,,6.747587,4.30303
770,40,80,25,12,16,14,35,1,0,0,1,1,2,12,12,6.64639,4.277778
1000,40,72,20,12,16,9,34,1,0,0,1,3,4,12,12,6.907755,5.555555
1329,55,115,56,18,10,5,36,1,0,0,1,1,1,12,12,7.192182,5.369697
1682,40,115,48,16,10,4,37,1,0,1,1,1,2,12,17,7.427739,9.344444
577,55,108,47,16,4,0,31,1,1,1,1,2,2,8,8,6.357842,2.331313
685,40,93,27,12,17,7,38,0,0,1,1,6,6,8,3,6.529419,3.805556
577,40,111,37,16,8,8,29,0,1,1,1,1,1,18,18,6.357842,3.205555
1040,40,101,38,12,19,9,38,1,1,1,1,6,1,11,12,6.946976,5.777778
1250,40,92,42,16,10,11,32,0,0,1,1,1,1,12,10,7.130899,6.944445
600,40,115,40,13,7,7,28,0,0,1,1,4,5,5,,6.39693,3.333333
480,40,76,29,12,17,3,35,0,1,1,1,8,5,11,10,6.173786,2.666667
1000,40,93,26,11,11,0,29,1,0,1,1,5,3,12,12,6.907755,5.555555
988,48,91,39,12,15,15,36,1,0,1,1,1,2,8,8,6.895683,4.574074
478,45,90,35,10,19,10,34,1,0,1,1,2,1,9,9,6.169611,2.360494
440,40,84,23,12,11,2,30,1,1,1,1,5,3,9,4,6.086775,2.444444
485,40,120,43,12,11,1,30,1,1,1,1,6,6,,,6.184149,2.694444
705,40,89,32,9,19,0,36,1,1,1,1,0,1,,,6.558198,3.916667
1550,40,104,47,12,16,1,34,1,0,1,0,8,4,9,10,7.34601,8.611111
960,40,107,23,12,11,9,29,1,1,1,1,11,2,6,9,6.866933,5.333333
1000,40,100,42,12,16,14,32,1,0,1,1,2,3,12,12,6.907755,5.555555
625,40,129,40,18,4,5,36,1,0,1,0,3,1,15,15,6.437752,3.472222
1346,40,112,39,16,14,14,35,1,0,0,1,0,1,12,16,7.204893,7.477778
961,40,76,17,12,13,13,31,0,1,0,1,13,5,,8,6.867974,5.338889
479,40,97,45,12,15,1,38,1,0,1,0,3,4,,,6.1717,2.661111
1201,50,98,38,11,17,16,36,1,0,1,0,4,5,11,2,7.09091,5.337778
1346,45,60,34,16,8,2,31,1,0,1,1,2,3,,,7.204893,6.646914
1122,35,132,45,18,13,8,32,1,0,1,1,2,3,12,7,7.022868,7.123809
543,45,90,31,14,5,7,38,1,1,1,1,1,2,6,,6.297109,2.681482
450,40,63,26,11,12,4,31,1,1,1,1,7,2,7,,6.109248,2.5
507,55,110,36,14,10,4,32,1,0,1,1,2,2,13,16,6.228511,2.048485
547,60,88,38,11,17,5,34,1,0,1,1,4,5,,,6.304449,2.025926
586,56,98,41,11,18,16,35,1,0,1,1,2,2,,6,6.37332,2.325397
462,55,61,24,12,6,4,29,1,1,1,0,9,,8,3,6.135565,1.866667
705,40,76,32,12,13,8,37,1,1,0,1,5,,,,6.558198,3.916667
1566,40,127,44,12,7,1,29,1,0,0,1,3,2,11,,7.35628,8.7
1634,40,94,39,13,18,18,36,1,0,1,1,2,2,8,8,7.398786,9.077778
1282,45,97,48,16,4,1,32,1,0,0,1,11,3,16,16,7.156177,6.330864
556,40,127,44,16,6,2,31,1,1,1,1,2,1,12,12,6.320768,3.088889
1200,40,109,42,15,7,8,33,1,0,0,1,2,1,11,12,7.090077,6.666667
855,45,89,21,12,6,6,31,1,0,1,0,4,3,3,3,6.751101,4.222222
1053,40,90,33,12,18,7,37,1,0,1,0,1,1,11,11,6.959399,5.85
1000,48,105,39,12,11,4,28,1,0,1,0,0,1,12,7,6.907755,4.62963
900,55,100,27,12,18,5,34,0,0,0,1,2,2,8,,6.802395,3.636364
1602,45,111,40,16,10,10,31,1,0,1,0,1,,16,12,7.379008,7.911111
508,50,125,44,17,9,2,31,1,0,1,1,3,1,16,13,6.230482,2.257778
1500,60,124,20,16,6,6,29,1,0,1,0,2,,12,10,7.313221,5.555555
1682,50,107,41,14,15,9,32,1,0,1,1,0,1,12,12,7.427739,7.475555
750,40,110,45,13,13,1,35,1,0,1,1,2,,12,16,6.620073,4.166667
843,40,102,32,14,8,7,29,1,0,1,0,1,1,16,16,6.736967,4.683333
409,40,93,26,12,17,18,38,0,0,1,0,0,1,,,6.013715,2.272222
1004,40,81,36,12,17,15,34,1,0,1,0,1,1,12,,6.911747,5.577778
650,40,99,36,12,13,10,30,1,0,1,0,1,2,12,10,6.476973,3.611111
808,40,93,26,12,17,9,37,1,1,1,0,4,1,,,6.694562,4.488889
2137,45,102,35,13,8,2,30,1,0,1,0,0,1,12,12,7.667158,10.55309
761,48,95,44,12,14,21,38,1,0,1,1,1,1,12,5,6.634634,3.523148
769,40,98,37,16,8,3,35,0,0,1,1,0,1,11,8,6.645091,4.272222
345,40,84,28,12,7,8,31,1,1,1,1,2,2,,,5.843544,1.916667
495,40,88,30,12,6,10,31,1,0,1,1,2,1,,7,6.204558,2.75
987,38,109,41,16,9,3,31,1,0,1,1,3,4,4,,6.89467,5.77193
2500,60,82,41,12,21,1,38,1,0,1,0,3,3,8,5,7.824046,9.259259
1098,45,105,22,14,6,1,32,0,0,1,1,1,2,12,,7.001245,5.422222
1212,40,95,36,12,6,16,38,1,0,1,0,3,1,12,8,7.100027,6.733333
577,40,92,33,15,8,1,28,1,1,1,1,1,2,10,7,6.357842,3.205555
390,59,74,26,15,10,3,30,1,1,1,1,3,3,7,6,5.966147,1.468927
1500,40,123,43,16,9,12,32,1,0,1,1,1,1,12,14,7.313221,8.333333
583,80,86,24,12,9,1,30,1,0,1,1,2,2,12,12,6.368187,1.619444
460,40,92,22,11,16,1,36,1,0,1,1,5,6,,,6.131227,2.555556
945,40,87,41,12,12,13,38,1,0,1,1,2,2,8,,6.851185,5.25
1442,60,117,39,16,9,3,31,1,0,1,1,1,2,12,10,7.273787,5.340741
1333,45,112,50,16,14,8,38,1,0,1,1,1,2,12,4,7.195187,6.582716
1500,37,119,41,15,8,5,33,0,0,0,1,1,1,12,18,7.313221,9.009009
1333,45,103,30,16,7,1,34,1,0,0,1,3,1,,,7.195187,6.582716
700,40,74,29,12,16,4,36,1,1,1,1,3,,9,,6.55108,3.888889
973,36,81,33,13,11,5,32,1,0,1,1,0,1,6,9,6.880384,6.006173
2162,40,124,48,18,10,8,32,1,0,1,1,1,1,10,10,7.678789,12.01111
797,41,89,38,12,10,7,36,1,0,1,0,1,2,7,8,6.680855,4.319783
400,40,88,34,12,14,1,32,1,1,1,1,7,7,7,6,5.991465,2.222222
1015,40,67,31,12,15,11,32,1,1,0,1,3,2,9,5,6.922644,5.638889
1744,43,106,41,16,8,9,29,1,0,1,1,1,1,12,16,7.463937,9.012919
630,40,103,30,15,14,2,32,1,0,1,0,0,1,11,5,6.44572,3.5
445,40,91,40,12,11,4,32,1,0,1,0,0,1,6,8,6.098074,2.472222
660,42,101,34,16,12,9,31,1,0,1,1,0,1,12,12,6.49224,3.492064
779,40,85,30,12,14,7,37,1,1,1,1,7,4,12,,6.658011,4.327778
377,40,83,32,12,9,1,36,0,0,1,1,1,1,12,12,5.932245,2.094445
560,44,70,34,12,16,11,35,1,1,1,1,2,1,8,,6.327937,2.828283
1122,60,102,54,17,7,13,32,1,0,1,1,2,2,12,11,7.022868,4.155556
453,50,94,34,12,9,2,30,1,0,1,0,6,4,7,7,6.115892,2.013333
1386,40,97,38,10,17,9,37,1,0,1,1,1,2,12,8,7.234177,7.7
1539,40,115,38,17,7,9,31,1,0,1,1,2,1,12,16,7.338888,8.55
1154,40,117,38,16,11,12,35,1,0,1,1,5,5,17,18,7.05099,6.411111
962,50,105,45,14,15,2,37,1,0,1,1,3,4,8,4,6.869014,4.275556
722,55,113,36,16,8,1,38,0,0,1,1,1,2,8,,6.582025,2.917172
480,40,83,37,12,9,3,37,1,0,1,1,4,3,10,11,6.173786,2.666667
808,50,101,44,18,8,9,38,1,0,1,0,3,2,17,12,6.694562,3.591111
1442,40,113,36,13,14,8,36,1,0,1,1,2,1,12,12,7.273787,8.011111
1091,50,88,31,13,13,4,37,1,0,0,1,4,1,12,,6.99485,4.848889
350,40,93,41,12,16,0,33,0,1,1,1,1,1,12,,5.857933,1.944444
500,40,83,39,12,18,11,36,1,1,1,1,0,1,7,,6.214608,2.777778
1026,45,113,27,16,9,13,30,1,0,1,1,2,2,16,14,6.933423,5.066667
577,40,106,43,17,11,7,33,0,1,1,1,3,2,13,16,6.357842,3.205555
1333,60,106,38,15,5,1,30,1,0,1,1,2,2,12,12,7.195187,4.937037
915,55,114,36,12,17,9,37,1,0,0,1,1,,10,,6.818924,3.69697
1105,40,119,32,16,9,10,30,0,0,1,1,5,1,11,10,7.007601,6.138889
910,40,82,26,14,5,5,30,1,1,1,1,10,,9,3,6.813445,5.055555
1000,40,89,40,12,17,8,38,1,0,1,1,7,7,1,4,6.907755,5.555555
1160,40,74,18,12,14,1,33,1,1,1,1,9,6,3,4,7.056175,6.444445
1001,34,77,22,12,12,3,29,1,1,1,1,9,8,3,4,6.908755,6.542484
713,40,75,25,12,5,12,36,1,1,1,1,7,4,,,6.569481,3.961111
929,40,97,28,13,12,5,30,1,0,1,1,2,1,12,12,6.834109,5.161111
400,50,68,35,12,4,9,31,1,1,1,1,6,1,6,2,5.991465,1.777778
1241,40,83,51,13,9,10,33,1,0,1,1,2,3,12,12,7.123673,6.894444
1065,40,97,40,12,21,10,36,1,0,1,1,1,1,12,,6.97073,5.916667
403,45,98,37,12,5,3,30,1,0,1,1,2,,12,12,5.998937,1.990124
940,45,102,30,13,15,12,30,1,1,1,1,2,2,,,6.84588,4.641975
812,40,81,20,10,17,13,34,1,1,1,1,2,2,8,3,6.699501,4.511111
700,20,85,27,10,13,0,35,1,1,1,1,3,,6,10,6.55108,7.777778
575,40,86,20,10,12,6,33,1,1,1,1,8,,,,6.35437,3.194444
450,40,79,23,10,20,5,36,1,1,1,1,7,6,12,12,6.109248,2.5
621,43,84,24,12,14,10,31,1,0,1,0,4,3,8,6,6.431331,3.209302
441,38,74,24,12,12,11,30,1,0,1,0,4,4,8,6,6.089045,2.578947
625,40,92,25,16,6,9,33,1,1,1,0,11,1,,,6.437752,3.472222
726,45,93,32,12,16,5,36,1,0,1,0,5,2,6,,6.58755,3.585185
500,40,69,18,9,21,13,38,1,1,1,1,8,6,6,,6.214608,2.777778
1000,44,113,41,17,8,2,34,1,0,1,1,4,1,17,18,6.907755,5.050505
393,48,92,37,12,15,16,38,1,0,1,1,1,1,8,7,5.97381,1.819444
600,40,127,44,12,8,3,28,0,0,1,0,2,2,9,12,6.39693,3.333333
962,50,109,44,12,21,12,37,1,0,1,0,0,1,6,,6.869014,4.275556
962,40,97,42,12,15,4,34,1,0,1,0,5,1,10,8,6.869014,5.344444
865,40,66,30,11,10,7,30,1,0,0,1,14,4,0,10,6.76273,4.805555
1154,50,109,46,16,10,3,35,1,0,1,1,2,1,16,14,7.05099,5.128889
1386,42,109,43,16,10,11,34,1,0,1,0,1,1,4,14,7.234177,7.333333
732,40,104,36,12,10,7,36,1,0,1,1,1,2,,,6.59578,4.066667
865,40,85,44,13,4,9,34,1,0,1,1,3,3,8,8,6.76273,4.805555
700,40,81,26,12,13,13,31,1,0,1,0,5,6,8,4,6.55108,3.888889
975,40,87,12,9,20,10,37,1,0,1,0,3,,5,4,6.882438,5.416667
1300,40,78,40,13,12,3,33,1,0,1,1,2,3,12,12,7.17012,7.222222
900,40,54,37,14,12,3,31,1,0,1,1,2,1,12,12,6.802395,5
829,40,98,33,12,15,15,36,1,0,0,1,4,5,8,8,6.72022,4.605556
1000,40,98,34,12,17,13,36,1,0,1,1,3,,12,,6.907755,5.555555
827,40,105,29,16,7,8,30,1,0,0,1,2,1,16,12,6.717805,4.594444
500,44,87,25,13,5,2,31,1,0,1,1,7,,12,,6.214608,2.525253
1155,40,117,25,13,9,1,28,1,0,0,1,3,2,12,12,7.051856,6.416667
950,55,85,30,15,8,3,29,0,0,0,1,2,,12,12,6.856462,3.838384
700,40,82,35,13,10,4,30,1,0,0,1,4,5,8,,6.55108,3.888889
1710,45,114,39,18,7,6,32,1,0,0,1,1,1,12,,7.444249,8.444445
533,30,65,21,12,5,1,32,0,1,0,1,5,1,11,12,6.278522,3.948148
2004,48,105,48,18,10,0,34,1,0,0,1,2,1,12,12,7.602901,9.277778
890,60,92,20,14,9,8,32,1,0,0,1,1,2,7,7,6.791222,3.296296
3078,30,107,23,13,11,4,29,1,0,0,1,2,2,12,12,8.032035,22.8
1539,40,111,41,17,10,13,37,1,0,0,1,3,2,12,16,7.338888,8.55
508,40,73,38,12,1,1,31,1,1,0,1,1,,,,6.230482,2.822222
1354,40,119,49,17,13,9,35,0,0,0,0,2,1,16,16,7.210818,7.522222
1143,35,97,40,12,21,8,38,1,0,0,1,5,1,12,12,7.041412,7.257143
962,40,110,34,12,16,8,33,1,0,0,1,2,1,10,10,6.869014,5.344444
1250,44,96,32,12,19,20,38,1,0,0,1,2,1,12,12,7.130899,6.313131
990,40,67,23,12,16,3,34,1,1,0,1,2,1,8,8,6.897705,5.5
905,40,102,31,12,17,4,37,1,0,0,0,5,5,12,12,6.807935,5.027778
926,55,64,22,12,18,0,38,1,0,0,1,4,5,0,2,6.830874,3.741414
1559,40,103,32,12,17,10,34,1,0,0,1,3,4,8,8,7.3518,8.661111
1312,40,118,39,10,14,4,32,1,0,0,1,0,1,12,8,7.179308,7.288889
923,40,118,36,14,8,16,35,1,1,0,1,5,1,7,,6.827629,5.127778
879,40,118,41,18,1,9,31,1,0,0,1,1,2,13,13,6.778785,4.883333
800,25,75,37,13,14,1,38,1,0,1,1,0,1,12,10,6.684612,7.111111
1049,50,112,45,14,6,10,32,1,0,0,0,3,3,12,10,6.955593,4.662222
550,40,95,20,12,4,1,30,0,0,0,0,3,4,12,10,6.309918,3.055556
1190,40,119,38,17,4,2,34,1,0,0,1,0,1,12,14,7.081708,6.611111
583,48,94,35,14,10,6,37,1,0,0,0,2,1,12,12,6.368187,2.699074
1200,40,103,27,14,5,2,30,1,0,0,1,1,1,6,7,7.090077,6.666667
797,55,90,36,16,11,5,33,1,0,0,1,5,2,14,17,6.680855,3.220202
1371,40,128,50,18,8,13,36,1,0,0,0,1,2,16,12,7.223296,7.616667
360,55,110,44,13,11,1,38,0,1,0,1,4,,12,8,5.886104,1.454545
1270,40,84,40,12,11,12,30,1,0,0,1,2,2,12,12,7.146772,7.055555
1832,40,97,38,12,16,1,36,1,0,0,1,1,2,8,12,7.513164,10.17778
909,40,102,34,12,14,5,33,1,0,0,1,3,3,12,7,6.812345,5.05
1746,40,131,41,18,9,10,33,1,0,0,1,7,3,12,12,7.465083,9.7
520,40,126,23,16,8,1,30,1,0,0,1,7,5,12,12,6.253829,2.888889
808,40,107,32,16,6,7,29,1,0,0,0,7,6,12,12,6.694562,4.488889
2137,45,108,45,16,11,2,36,1,0,0,1,2,3,12,,7.667158,10.55309
692,50,92,49,15,9,3,38,1,1,0,1,0,1,8,8,6.539586,3.075556
931,80,108,40,16,4,1,36,1,0,0,1,4,2,12,12,6.836259,2.586111
812,45,115,46,16,11,3,34,1,0,0,1,1,2,12,8,6.699501,4.009877
866,40,111,44,14,16,14,35,1,0,0,1,1,1,12,12,6.763885,4.811111
1442,40,115,47,12,14,9,36,1,0,0,1,7,5,12,12,7.273787,8.011111
500,40,101,31,14,12,0,32,1,0,0,0,2,2,11,6,6.214608,2.777778
1384,50,114,48,18,12,2,37,1,0,0,1,1,1,12,13,7.232733,6.151111
528,55,116,40,18,5,9,30,1,0,0,1,4,5,12,12,6.269096,2.133333
881,40,90,41,12,4,14,36,1,0,0,0,2,3,12,,6.781058,4.894444
1026,45,125,33,12,11,11,28,1,0,0,1,3,1,14,17,6.933423,5.066667
1212,40,98,26,12,11,12,28,0,0,0,1,4,,12,10,7.100027,6.733333
1620,38,111,42,15,8,5,29,1,0,0,0,1,2,10,,7.390182,9.473684
1843,48,109,38,16,11,2,32,1,0,0,1,3,2,12,,7.51915,8.532408
1602,60,124,36,16,12,2,37,1,0,0,1,1,2,12,12,7.379008,5.933333
1000,40,121,35,13,6,1,33,1,0,0,1,2,2,8,14,6.907755,5.555555
737,48,103,37,12,7,4,30,1,0,0,1,4,4,10,,6.602588,3.412037
1699,40,96,19,12,10,1,29,0,0,1,1,2,3,12,12,7.437795,9.438889
1699,40,100,40,12,11,9,33,1,0,0,1,1,2,12,8,7.437795,9.438889
1025,48,104,30,14,6,5,32,1,0,0,1,2,3,,12,6.932448,4.74537
1107,40,112,38,12,12,5,38,1,0,0,1,5,3,11,12,7.009409,6.15
625,40,73,24,11,1,1,31,1,0,0,1,3,4,12,12,6.437752,3.472222
720,50,101,39,13,1,7,29,1,0,0,1,4,2,11,11,6.579251,3.2
855,40,99,44,12,19,10,36,1,0,0,1,1,2,12,12,6.751101,4.75
1250,40,95,23,12,12,2,32,1,0,0,1,2,2,12,12,7.130899,6.944445
1130,40,109,40,18,4,13,38,1,0,0,0,1,2,18,15,7.029973,6.277778
900,40,110,35,12,6,1,28,0,0,0,1,1,,13,13,6.802395,5
1924,50,98,49,17,6,7,38,1,0,0,1,1,1,4,,7.562161,8.551111
962,40,112,46,15,8,2,37,1,0,0,1,2,1,12,16,6.869014,5.344444
1874,48,64,37,11,22,3,38,1,1,0,1,7,,,,7.53583,8.675926
1573,55,90,28,12,5,3,30,1,0,0,1,4,3,11,8,7.36074,6.355556
940,45,102,46,14,11,7,36,1,0,0,1,1,2,12,10,6.84588,4.641975
900,40,119,39,16,8,9,30,1,0,0,0,1,2,12,12,6.802395,5
882,44,96,34,12,15,13,31,1,0,0,0,6,3,8,10,6.782192,4.454545
1710,45,118,40,18,12,12,38,1,0,0,1,1,1,12,12,7.444249,8.444445
1260,45,79,39,12,19,15,37,1,0,0,0,3,2,9,8,7.138867,6.222222
751,40,96,42,12,9,7,38,1,0,0,0,1,1,10,8,6.621406,4.172222
1097,50,80,27,11,12,12,28,1,0,0,0,5,1,12,11,7.000334,4.875556
1001,48,137,36,13,11,11,33,1,0,0,0,5,6,12,,6.908755,4.634259
1154,40,116,42,15,11,12,34,0,0,0,0,2,1,12,9,7.05099,6.411111
1000,43,69,31,12,15,16,35,1,0,0,1,4,4,12,8,6.907755,5.167959
1250,40,78,36,12,16,3,33,1,0,0,1,9,,6,2,7.130899,6.944445
857,65,99,41,12,18,3,38,1,0,1,1,2,1,8,8,6.753438,2.929914
1211,27,92,33,12,13,3,31,1,0,0,1,3,2,16,12,7.099202,9.967078
937,32,113,23,16,12,7,29,1,0,0,1,3,,16,12,6.842683,6.506945
904,50,98,29,13,7,1,33,1,0,0,1,5,,12,,6.806829,4.017778
872,45,115,30,15,7,4,29,1,0,0,1,3,1,12,18,6.77079,4.306173
1200,40,96,26,9,18,0,34,1,0,0,1,4,3,,8,7.090077,6.666667
1261,40,117,41,17,1,9,35,1,0,0,1,4,1,6,8,7.13966,7.005556
950,40,96,38,12,14,2,35,1,0,0,1,1,1,8,2,6.856462,5.277778
115,50,108,46,12,9,3,29,1,0,0,1,5,6,10,11,4.744932,0.5111111
673,40,92,34,17,6,4,31,1,0,0,1,5,5,16,12,6.511745,3.738889
1084,45,95,38,15,17,10,37,1,0,0,1,1,2,16,16,6.988413,5.353086
1058,40,94,40,14,13,14,34,1,0,0,1,0,1,15,9,6.964136,5.877778
800,40,115,38,12,20,12,38,1,0,0,0,7,6,7,8,6.684612,4.444445
369,40,117,36,18,11,1,31,0,0,0,0,3,4,,,5.910797,2.05
1924,40,105,42,16,14,13,36,1,0,0,0,0,1,12,,7.562161,10.68889
855,40,109,36,12,17,15,36,1,0,0,0,3,1,7,6,6.751101,4.75
864,40,87,38,12,15,6,31,1,0,0,0,1,1,12,12,6.761573,4.8
1092,44,110,34,16,15,13,36,1,0,0,1,4,4,13,13,6.995766,5.515152
1025,40,110,30,16,9,4,30,1,0,0,0,3,,10,12,6.932448,5.694445
850,35,109,32,12,11,2,31,1,0,0,0,2,2,17,,6.745236,5.396825
673,40,85,21,12,17,10,35,1,0,0,0,2,2,12,12,6.511745,3.738889
800,40,105,42,14,12,12,37,1,0,0,0,3,2,10,12,6.684612,4.444445
1049,44,122,39,16,7,3,33,1,0,0,0,3,3,10,12,6.955593,5.29798
884,40,108,40,17,9,11,35,1,0,0,1,3,2,14,9,6.784457,4.911111
800,40,122,38,16,10,2,31,0,0,1,1,3,3,12,8,6.684612,4.444445
1200,40,79,32,17,9,9,32,1,0,0,1,0,1,8,8,7.090077,6.666667
664,40,105,30,12,8,10,29,1,0,0,1,7,6,12,12,6.498282,3.688889
1111,45,90,47,12,18,18,37,1,0,0,1,6,3,,,7.013016,5.48642
850,43,111,38,16,8,8,34,1,0,0,1,4,2,,,6.745236,4.392765
1000,40,110,42,12,6,12,37,1,0,0,1,5,2,8,12,6.907755,5.555555
875,40,92,32,12,8,4,29,0,0,0,1,4,,14,14,6.774224,4.861111
1202,40,131,32,16,10,2,33,1,0,0,0,3,2,12,12,7.091742,6.677778
666,40,104,32,12,10,2,29,1,0,0,0,2,3,12,12,6.50129,3.7
923,40,110,39,16,15,11,37,1,0,0,0,2,1,12,7,6.827629,5.127778
788,40,99,20,12,10,10,28,1,0,1,1,4,5,10,3,6.669498,4.377778
950,40,86,31,10,23,5,38,1,0,1,1,9,9,,6,6.856462,5.277778
1442,40,105,42,12,9,16,37,1,0,1,1,3,4,,,7.273787,8.011111
866,40,85,26,12,11,12,30,1,1,1,0,8,5,6,0,6.763885,4.811111
625,40,72,34,9,17,5,34,1,0,1,0,10,7,4,,6.437752,3.472222
680,40,86,35,12,13,9,32,0,0,1,0,6,1,6,7,6.522093,3.777778
693,40,68,38,12,11,19,35,1,0,1,0,5,2,12,8,6.54103,3.85
875,36,95,22,12,16,2,38,0,1,1,0,8,9,6,,6.774224,5.401235
2308,40,116,42,17,8,2,38,1,0,0,0,6,1,12,13,7.744137,12.82222
1196,45,96,45,14,10,4,32,1,0,1,0,2,3,10,6,7.086738,5.906173
700,38,85,36,12,13,8,32,1,1,1,1,6,,2,8,6.55108,4.093567
721,40,100,32,12,8,8,29,1,0,1,1,3,2,12,4,6.580639,4.005556
1500,40,101,38,13,13,2,32,1,0,1,1,5,3,12,8,7.313221,8.333333
1050,50,97,31,15,4,9,31,1,1,1,1,2,1,16,9,6.956545,4.666667
801,48,100,30,14,6,10,29,1,1,1,1,2,1,,,6.685861,3.708333
640,23,96,39,12,7,3,31,0,1,1,1,5,,,,6.461468,6.183575
1198,32,117,39,16,7,9,30,1,0,1,1,1,2,12,12,7.088409,8.319445
390,55,93,38,12,4,2,32,1,0,1,1,1,,16,13,5.966147,1.575758
889,36,116,37,12,12,11,28,1,0,1,1,1,2,9,12,6.790097,5.487654
1076,38,106,42,12,19,20,36,1,0,1,1,1,1,12,9,6.981006,6.292397
1127,40,98,45,12,17,12,36,1,0,1,1,1,2,14,12,7.027315,6.261111
750,50,103,36,15,1,1,37,1,0,1,0,1,1,12,9,6.620073,3.333333
855,40,118,41,14,6,14,33,1,0,1,0,3,1,,12,6.751101,4.75
525,40,100,22,13,5,1,31,1,0,1,0,1,1,10,12,6.263398,2.916667
1104,54,96,39,12,11,4,29,1,0,1,0,1,2,10,12,7.006695,4.54321
553,40,67,22,12,11,10,30,1,1,1,0,7,2,8,9,6.315358,3.072222
800,43,96,27,12,10,1,29,1,0,1,0,1,1,10,10,6.684612,4.134367
1384,50,104,42,13,8,7,31,1,0,1,0,3,1,13,14,7.232733,6.151111
425,30,106,34,17,8,0,36,0,0,1,0,0,1,14,12,6.052089,3.148148
510,54,62,34,11,13,4,33,0,1,1,1,7,6,2,10,6.234411,2.098765
370,32,73,31,12,13,2,31,1,1,1,0,9,2,3,4,5.913503,2.569444
596,40,62,26,12,16,14,33,1,1,1,0,9,8,2,8,6.390241,3.311111
402,40,76,28,12,9,4,28,1,1,0,1,4,2,,10,5.996452,2.233333
418,40,76,26,12,12,2,31,1,1,1,0,0,1,9,10,6.035481,2.322222
1133,40,106,44,16,13,10,36,1,0,1,0,1,1,12,,7.032624,6.294445
681,40,94,24,12,18,15,35,0,0,1,1,4,,9,10,6.523562,3.783333
950,40,81,29,11,16,5,35,1,0,1,0,3,4,10,6,6.856462,5.277778
600,40,87,15,10,20,7,36,1,0,1,0,0,1,5,6,6.39693,3.333333
661,40,96,25,13,8,6,29,0,0,1,0,3,2,,5,6.493754,3.672222
925,40,75,27,12,12,9,30,1,0,1,0,2,2,6,,6.829794,5.138889
550,40,95,34,12,14,13,31,1,0,1,0,0,1,5,5,6.309918,3.055556
606,40,86,19,11,13,11,30,1,0,1,0,4,4,3,7,6.40688,3.366667
425,40,86,17,10,7,1,30,1,0,1,0,4,4,3,7,6.052089,2.361111
340,50,104,41,14,4,1,31,1,0,1,1,5,3,8,18,5.828946,1.511111
692,50,95,21,12,16,9,34,1,0,1,1,2,2,7,5,6.539586,3.075556
575,40,116,37,12,11,9,29,1,0,1,0,1,2,8,12,6.35437,3.194444
571,40,66,20,9,15,10,33,1,0,1,0,5,1,8,6,6.347389,3.172222
817,40,101,38,16,11,9,32,1,0,1,1,1,2,0,5,6.705639,4.538889
987,40,96,23,12,11,5,29,1,0,1,0,1,2,12,12,6.89467,5.483333
616,55,104,41,12,16,18,35,1,0,1,1,4,5,9,,6.423247,2.488889
1026,60,105,34,16,12,1,35,1,0,0,1,3,1,14,10,6.933423,3.8
808,40,106,34,12,4,3,29,1,0,0,1,1,2,8,7,6.694562,4.488889
808,50,101,34,17,8,0,30,1,0,1,1,1,2,15,15,6.694562,3.591111
788,40,96,42,12,13,5,36,1,0,1,1,4,1,12,12,6.669498,4.377778
850,40,105,34,12,6,2,33,1,0,0,1,1,1,12,9,6.745236,4.722222
900,38,106,40,12,10,19,38,1,0,1,1,7,,3,2,6.802395,5.263158
1418,45,102,44,12,19,20,36,1,0,1,1,2,3,8,8,7.257003,7.002469
260,40,75,35,12,21,0,37,1,1,1,0,3,3,,,5.560682,1.444444
662,45,99,27,14,7,2,28,1,1,1,0,6,1,5,5,6.495265,3.269136
562,55,90,46,13,4,1,38,1,0,1,0,1,1,12,11,6.331502,2.270707
562,80,104,30,12,11,5,28,1,0,1,0,1,,12,12,6.331502,1.561111
357,70,115,37,13,5,2,30,1,0,1,1,6,7,,,5.877736,1.133333
1009,40,118,37,16,11,12,32,1,0,1,0,0,1,12,10,6.916715,5.605556
1442,40,108,40,12,17,17,36,1,0,1,1,1,1,9,12,7.273787,8.011111
651,40,76,30,11,11,2,29,1,1,0,1,7,7,10,11,6.478509,3.616667
750,40,50,28,12,14,5,32,1,1,1,0,10,,3,,6.620073,4.166667
754,40,55,23,12,13,14,33,1,1,1,0,2,1,10,,6.625392,4.188889
700,40,73,23,12,17,9,38,1,1,1,0,8,3,,,6.55108,3.888889
503,40,84,14,11,11,2,30,0,1,0,1,3,,9,9,6.22059,2.794445
937,40,104,37,12,14,15,32,1,0,1,0,1,2,12,9,6.842683,5.205555
624,40,92,40,10,18,10,36,1,0,1,0,2,3,10,6,6.436151,3.466667
750,40,83,27,12,4,10,32,1,1,1,0,7,1,10,6,6.620073,4.166667
900,40,98,36,14,1,8,30,1,1,1,0,7,2,10,6,6.802395,5
540,40,70,25,10,12,10,29,1,1,1,0,9,,10,7,6.291569,3
642,35,87,26,13,9,3,30,1,0,1,0,10,10,4,10,6.464588,4.07619
400,50,96,38,15,6,10,28,0,0,1,0,5,,12,,5.991465,1.777778
900,40,80,34,10,15,14,38,1,0,1,0,3,3,12,10,6.802395,5
513,40,104,40,16,8,10,33,1,0,1,0,5,2,12,10,6.240276,2.85
894,40,104,35,18,7,10,35,1,0,1,0,7,8,9,8,6.795706,4.966667
1282,60,96,24,18,7,5,32,1,0,1,1,4,2,12,18,7.156177,4.748148
485,40,89,24,12,10,9,30,0,0,1,0,4,3,12,18,6.184149,2.694444
325,55,113,39,12,11,5,29,1,0,1,0,1,2,10,13,5.783825,1.313131
769,45,105,29,12,16,5,33,1,0,1,0,4,1,7,7,6.645091,3.797531
618,40,84,39,14,6,8,31,0,0,1,1,7,8,7,4,6.426488,3.433333
1040,48,108,36,12,16,17,35,1,0,1,1,6,7,7,3,6.946976,4.814815
751,40,104,32,12,15,4,34,1,0,1,1,4,3,8,3,6.621406,4.172222
380,50,106,28,12,15,11,30,1,0,1,0,2,1,7,7,5.940171,1.688889
300,24,83,45,12,16,3,37,1,1,1,1,4,1,3,,5.703783,2.777778
753,46,70,34,10,21,7,38,1,0,1,1,4,2,12,7,6.624065,3.637681
1065,65,104,39,16,10,11,34,1,0,1,1,2,3,11,12,6.97073,3.641026
1070,40,91,42,12,13,1,30,1,0,0,1,1,2,14,12,6.975414,5.944445
1573,55,112,42,18,7,8,34,1,0,1,1,1,1,14,18,7.36074,6.355556
650,40,97,27,10,14,9,30,1,0,1,0,5,1,12,9,6.476973,3.611111
700,45,99,40,12,15,7,32,1,0,1,0,4,2,10,10,6.55108,3.45679
494,40,74,30,12,16,4,34,1,1,1,0,5,,,,6.202536,2.744444
890,48,100,40,12,4,8,31,1,0,1,0,0,1,,,6.791222,4.12037
520,40,86,28,10,15,12,31,1,0,1,0,0,1,6,,6.253829,2.888889
891,40,90,36,12,16,16,32,1,0,1,0,5,5,12,9,6.792345,4.95
570,50,101,43,12,11,12,30,1,0,0,1,2,3,12,,6.345636,2.533333
1444,40,109,33,15,11,1,29,1,0,1,1,2,1,11,9,7.275172,8.022223
481,48,98,26,12,14,2,31,0,1,0,1,4,3,,,6.175867,2.226852
500,44,107,40,12,21,12,38,1,0,1,0,2,,12,7,6.214608,2.525253
1473,40,110,48,16,15,15,36,1,0,1,0,1,2,12,14,7.295056,8.183333
803,40,120,35,13,4,1,28,1,0,1,1,3,4,10,12,6.688354,4.461111
962,50,97,34,16,7,2,30,1,0,1,1,0,1,12,12,6.869014,4.275556
1000,44,103,37,12,9,5,29,1,0,1,1,0,1,11,,6.907755,5.050505
600,40,114,36,16,5,4,30,1,0,1,1,2,1,12,12,6.39693,3.333333
450,40,95,31,11,12,2,30,1,0,1,0,2,3,8,8,6.109248,2.5
629,60,93,32,12,6,1,30,1,1,1,0,8,3,10,6,6.444131,2.32963
492,60,67,38,12,15,2,34,1,1,1,0,3,,8,,6.198479,1.822222
1562,40,97,28,17,7,2,32,1,0,1,1,5,1,12,13,7.353722,8.677778
357,70,97,34,14,6,3,28,1,0,1,0,1,2,13,16,5.877736,1.133333
960,40,83,25,13,14,13,32,1,0,1,1,4,,10,,6.866933,5.333333
566,45,104,46,16,5,2,32,1,0,1,0,1,2,12,12,6.338594,2.795062
481,40,82,27,12,9,2,32,1,0,1,0,2,2,12,8,6.175867,2.672222
1442,40,113,45,16,8,10,35,1,0,1,1,2,2,8,8,7.273787,8.011111
645,45,93,39,12,11,3,35,1,0,1,0,7,7,7,8,6.46925,3.185185
788,40,100,23,11,15,6,32,1,1,1,0,5,,9,,6.669498,4.377778
644,42,101,38,12,11,5,33,1,0,1,0,4,3,12,,6.467699,3.407408
477,45,100,33,12,9,3,31,1,0,1,0,3,3,7,7,6.167517,2.355556
664,60,82,30,16,10,9,34,1,1,1,1,3,4,16,16,6.498282,2.459259
520,40,79,28,16,6,1,30,1,1,1,0,0,1,11,,6.253829,2.888889
1202,40,102,32,13,10,3,31,1,0,1,1,7,7,8,6,7.091742,6.677778
538,45,77,22,12,12,10,28,1,1,1,0,9,,7,,6.287858,2.65679
873,44,109,25,12,12,12,28,1,0,1,0,1,1,,11,6.771935,4.409091
1000,40,107,32,12,17,18,35,1,0,1,0,5,1,,,6.907755,5.555555
